name,altitude_agl,angular_vel_z,compass_hdg,yaw,angular_vel_y,angular_vel_x,pitch,linear_vel_x,altitude_amsl,altitude_relative,battery_volts,ros_time,linear_vel_z,linear_vel_y,longitude,latitude,roll
0point,null	,0.001175587181933224	,193.13	,-103.09639095092287	,0.000960037810727954	,-0.001020856318064034	,0.29571853628355155	,0.0	,0.08998356759548187	,0.008	,12.586999893188477	,1579810097	,9.80665	,1.2009682532858392e-15	,-3.0064964	,51.709745	,-0.26445238486246453	
1point,null	,0.0012117701116949318	,193.08	,-103.0654365336044	,0.0010818345472216608	,-0.0009674665052443743	,0.2989172526100859	,0.0	,0.08998356759548187	,0.008	,12.586999893188477	,1579810098	,9.81645665	,1.202169221539125e-15	,-3.0064964	,51.709745	,-0.2674087628755959	
2point,null	,0.0012735471827909348	,193.05	,-103.03184566326625	,0.0010254099033772948	,-0.0009201098000630736	,0.301548076059731	,0.0	,0.08998356759548187	,0.009	,12.586999893188477	,1579810099	,9.81645665	,1.202169221539125e-15	,-3.0064964	,51.709745	,-0.269917870219797	
3point,null	,0.0010496452450752256	,193.01	,-102.99979841568057	,0.001155922771431506	,-0.001013846369460225	,0.3039722062457035	,0.0	,0.08998356759548187	,0.009	,12.586999893188477	,1579810100	,9.81645665	,1.202169221539125e-15	,-3.0064964	,51.709745	,-0.2718913946835339	
4point,null	,0.001130426302552223	,192.98	,-102.96777848885155	,0.0013056849129498007	,-0.001097354106605053	,0.30816823691276574	,0.0	,0.08998356759548187	,0.009	,12.586999893188477	,1579810101	,9.81645665	,1.202169221539125e-15	,-3.0064964	,51.709745	,-0.27502887943137644	
5point,null	,0.00130587606690824	,192.95	,-102.93691969418143	,0.0010982196545228364	,-0.0010122198145836592	,0.310752956585513	,0.0	,0.08998356759548187	,0.009	,12.586999893188477	,1579810102	,9.81645665	,1.202169221539125e-15	,-3.0064964	,51.709745	,-0.279377282013868	
6point,null	,0.001107423799112439	,192.92	,-102.90653901275321	,0.0009942998876795175	,-0.001175439334474504	,0.3132741768433204	,0.0	,0.08998356759548187	,0.009	,12.586999893188477	,1579810103	,9.81645665	,1.202169221539125e-15	,-3.0064964	,51.709745	,-0.2831530159231364	
7point,null	,0.0012056906707584856	,192.89	,-102.87466935008595	,0.0013215232174843552	,-0.0011585054453462362	,0.31586039061994875	,0.0	,0.08998356759548187	,0.009	,12.586999893188477	,1579810104	,9.81645665	,1.202169221539125e-15	,-3.0064964	,51.709745	,-0.2848246780420706	
8point,null	,0.0012102731270715592	,192.86	,-102.8432231591472	,0.0011717336019501092	,-0.0012047803029417992	,0.3193438671379345	,0.0	,0.08998356759548187	,0.009	,12.538000106811523	,1579810105	,9.81645665	,1.202169221539125e-15	,-3.0064964	,51.709745	,-0.2866972437721383	
9point,null	,0.0012103542685508726	,192.82	,-102.81095734550809	,0.0012663655215874316	,-0.0011972362408414483	,0.3220642567791565	,0.0	,0.08998356759548187	,0.009	,12.48900032043457	,1579810106	,9.80665	,1.2009682532858392e-15	,-3.0064964	,51.709745	,-0.2902949391957368	
10point,null	,-0.002402663463726592	,192.79	,-102.90518663529757	,-0.38952115178108215	,0.3736732602119446	,-3.5146911228230318	,-0.00980665	,0.08998356759548187	,0.108	,12.093999862670898	,1579810107	,10.46369555	,0.00980665000000128	,-3.0064964	,51.709745	,3.3390274085501783	
11point,null	,0.007095786742866028	,192.98	,-102.97639818758411	,0.08939921110868454	,-0.0840701162815094	,2.1593517129382507	,0.22555295	,0.08998356759548187	,1.602	,12.142999649047852	,1579810108	,10.50292215	,0.24516625000000128	,-3.0064975	,51.7097462	,-2.049152800539029	
12point,null	,-0.0032876471523195488	,194.72	,-104.71685333150842	,-0.013050617650151253	,-0.010405662469565868	,1.8476895407803344	,0.08825985	,0.08998356759548187	,3.716	,12.192999839782715	,1579810109	,10.01258965	,0.01961330000000123	,-3.0064995	,51.7097486	,-1.891426443687098	
13point,null	,0.0006801155395805851	,194.86	,-104.85654436041352	,-0.012196449562907219	,0.014299214817583561	,0.6727045309417642	,-0.0588399	,0.08998356759548187	,5.992	,12.192999839782715	,1579810111	,9.8654899	,-0.1274864499999988	,-3.0064989	,51.7097478	,-0.5717166088859807	
14point,null	,8.637504652142466e-05	,194.81	,-104.80613756433881	,0.004803849384188652	,-0.0028707103338092566	,0.06767416796693605	,-0.0784532	,0.08998356759548187	,8.338	,12.192999839782715	,1579810112	,9.81645665	,0.009806650000001202	,-3.0064976	,51.7097465	,-0.01025658958572559	
15point,null	,0.0005088978214189407	,194.82	,-104.81455235739628	,0.0023597634863108397	,-0.008003179915249348	,0.21590686869745349	,-0.02941995	,0.08998356759548187	,10.74	,12.192999839782715	,1579810112	,9.8851032	,1.2105759993121259e-15	,-3.0064973	,51.7097462	,-0.18161079466773852	
16point,null	,0.00013709394261240883	,194.82	,-104.81821333879142	,0.006154327653348446	,-0.003559304168447852	,0.3423962891952567	,0.02941995	,0.08998356759548187	,13.168	,12.192999839782715	,1579810113	,9.80665	,1.2009682532858392e-15	,-3.0064975	,51.7097463	,-0.29995650858098427	
17point,null	,0.00043973443098366304	,194.82	,-104.81285847048213	,-0.003670541336759925	,0.0016003260388970375	,0.32945014587117355	,0.0392266	,0.08998356759548187	,15.624	,12.192999839782715	,1579810114	,9.81645665	,0.0588399000000012	,-3.0064976	,51.7097463	,-0.32419834404924047	
18point,null	,0.0003486732020974158	,194.82	,-104.81147877226978	,0.0007213131757453084	,-0.009624079801142216	,0.26334720155781993	,0.0	,0.08998356759548187	,18.088	,12.192999839782715	,1579810116	,9.8262633	,-0.009806649999998796	,-3.0064976	,51.7097463	,-0.2873264482689994	
19point,null	,0.0008990656351670625	,194.81	,-104.80671130022911	,-0.0015298903454095123	,-0.0033364794217050076	,0.32612829937659377	,0.00980665	,0.08998356759548187	,20.565	,12.192999839782715	,1579810117	,9.7870367	,-0.009806649999998801	,-3.0064976	,51.7097463	,-0.2840676209416835	
20point,null	,-9.398907423019658e-06	,194.81	,-104.80973024384224	,0.0020336539018899202	,-0.004041655920445919	,0.2723313815960463	,0.0	,0.08998356759548187	,23.046	,12.192999839782715	,1579810118	,9.85568325	,0.04903325000000121	,-3.0064976	,51.7097464	,-0.30073426969229294	
21point,null	,0.0011018041986972085	,194.81	,-104.80572775298866	,0.007939549162983894	,-0.0050630951300263405	,0.25926146777368286	,-0.02941995	,0.08998356759548187	,25.53	,12.192999839782715	,1579810119	,9.85568325	,1.2069730945522684e-15	,-3.0064976	,51.7097464	,-0.24113542637693694	
22point,null	,0.00031088083051145104	,194.82	,-104.81059084767769	,-0.0023187072947621346	,0.0012927257921546698	,0.2505471602489517	,-0.0196133	,0.08998356759548187	,28.016	,12.192999839782715	,1579810120	,9.8262633	,-0.0294199499999988	,-3.0064976	,51.7097464	,-0.3273843071319342	
23point,null	,0.0006942233303561805	,194.81	,-104.8075719040645	,0.0021210010163486004	,-0.0016992385499179363	,0.3438724104687729	,0.0588399	,0.08998356759548187	,30.505	,12.192999839782715	,1579810121	,9.73800345	,0.029419950000001194	,-3.0064976	,51.7097465	,-0.32019593323689227	
24point,null	,0.0005533093353733419	,194.82	,-104.81381469696593	,0.0008594815153628589	,-0.00465279258787632	,0.2532049576097328	,-0.0784532	,0.08998356759548187	,32.995	,12.192999839782715	,1579810122	,9.8654899	,-0.009806649999998791	,-3.0064978	,51.7097468	,-0.2228213546748188	
25point,null	,0.000965423882007599	,194.81	,-104.80998979103073	,-0.0007727250922471284	,0.002301168395206332	,0.26578731331923344	,0.02941995	,0.08998356759548187	,35.487	,12.192999839782715	,1579810123	,9.77723005	,0.049033250000001194	,-3.0064979	,51.7097468	,-0.15606016422041846	
26point,null	,0.0008866933640092616	,194.82	,-104.81160171567484	,-0.003973999060690403	,-0.00025703455321490765	,0.24310799034532346	,0.06864655	,0.08998356759548187	,37.985	,12.192999839782715	,1579810124	,9.79684335	,-0.029419949999998803	,-3.0064979	,51.7097469	,-0.23146713352422527	
27point,null	,0.0007145775016397239	,194.8	,-104.79814624300992	,-0.0010881356429308653	,-0.0045471214689314365	,0.30157987912805395	,0.0196133	,0.08998356759548187	,40.477	,12.192999839782715	,1579810125	,9.80665	,1.2009682532858392e-15	,-3.0064979	,51.7097469	,-0.3316168099419471	
28point,null	,0.00032528443261980994	,194.81	,-104.80609658320381	,0.0011120851850137115	,0.005208650603890419	,0.337732764096019	,0.0392266	,0.08998356759548187	,42.976	,12.192999839782715	,1579810126	,9.83606995	,0.009806650000001204	,-3.0064979	,51.709747	,-0.3503690676277906	
29point,null	,0.000915745971724391	,194.82	,-104.81703854625417	,-5.822256207466114e-05	,0.0016242933925241232	,0.3382096500383034	,-0.0196133	,0.08998356759548187	,45.47	,12.192999839782715	,1579810127	,9.85568325	,-0.019613299999998793	,-3.0064979	,51.709747	,-0.28736887014704754	
30point,null	,0.0008688583038747306	,194.82	,-104.80975756459891	,0.003324955003336072	,-0.007281570229679346	,0.36495501664163377	,0.00980665	,0.08998356759548187	,47.795	,12.192999839782715	,1579810128	,9.12999115	,0.04903325000000112	,-3.0064979	,51.709747	,-0.2974763228190497	
31point,null	,-0.00018571317195891746	,194.81	,-104.78163084559682	,-0.04802250862121582	,-0.19378623366355896	,-0.6309329616078136	,0.0	,0.08998356759548187	,49.246	,12.241999626159668	,1579810129	,8.629852	,0.02941995000000106	,-3.0064979	,51.709747	,-4.143725078398174	
32point,null	,-0.0009862137958407393	,194.84	,-104.83724224581907	,-0.007930048741400242	,-0.024286216124892235	,-1.8112383152838534	,0.10787315	,0.08998356759548187	,49.73	,12.241999626159668	,1579810130	,9.42419065	,-0.39226599999999884	,-3.0064956	,51.709747	,-8.514032291001413	
33point,null	,1.2702646255493164	,174.51	,-84.51727555840371	,0.05682072788476959	,-0.03920360282063484	,-1.5710607962575855	,0.20593965	,0.08998356759548187	,49.865	,12.241999626159668	,1579810131	,9.7085835	,-0.9806649999999988	,-3.0064819	,51.709747	,-12.010523094120476	
34point,null	,0.9737213850021362	,112.28	,-5.949254365910186	,0.0446528270840646	,-0.025376945734024048	,15.711248506253959	,-1.4317709	,0.08998356759548187	,49.922	,12.192999839782715	,1579810132	,9.7478101	,-0.6570455499999988	,-3.0064558	,51.7097482	,0.3635653933106437	
35point,null	,-0.39569932222366333	,83.86	,0.2553782685886091	,0.10399124771356578	,-0.1925278902053833	,19.1397200167498	,-2.1378497	,0.08998356759548187	,49.943	,12.192999839782715	,1579810133	,9.62032365	,0.4020726500000012	,-3.0064158	,51.7097483	,0.009531642378559878	
36point,null	,-0.05461839586496353	,94.86	,-4.831630512021015	,-0.012430804781615741	,0.10517583787441254	,11.197161115866905	,-2.6085689	,0.08998356759548187	,49.961	,12.241999626159668	,1579810134	,9.48303055	,-0.07845319999999885	,-3.0063619	,51.7097459	,4.2453984206093285	
37point,null	,-0.5745171308517456	,108.58	,-26.41562934590826	,-0.06640898436307914	,0.17103879153728485	,7.88811290168779	,-2.14765635	,0.08998356759548187	,49.969	,12.241999626159668	,1579810135	,9.6497436	,-0.1667130499999988	,-3.0063057	,51.7097429	,6.2814675669063815	
38point,null	,-0.7150412201881409	,147.39	,-68.410378099193	,0.0673702657222747	,-0.00894242338836193	,12.959447251925864	,-1.6867438	,0.08998356759548187	,49.964	,12.241999626159668	,1579810136	,9.8654899	,-0.43149259999999884	,-3.0062631	,51.7097331	,5.895658355222688	
39point,null	,-0.07574843615293503	,174.82	,-84.82701097688543	,0.04550515860319137	,0.015834275633096695	,16.487497797878614	,-1.7455837	,0.08998356759548187	,49.956	,12.192999839782715	,1579810137	,9.73800345	,-0.49033249999999884	,-3.0062406	,51.7097133	,1.418248120183244	
40point,null	,-0.10892629623413082	,175.98	,-85.98013815408038	,-0.33779940009117126	,0.201833114027977	,15.739650140370172	,-2.36340265	,0.08998356759548187	,49.947	,12.192999839782715	,1579810138	,9.6497436	,-0.10787314999999882	,-3.0062306	,51.7096839	,3.260180131658374	
41point,null	,-0.42959359288215637	,195.84	,-112.28061847875888	,0.010169144719839044	,0.0965346246957779	,13.805493392905241	,-2.36340265	,0.08998356759548187	,49.952	,12.192999839782715	,1579810139	,9.6301303	,-0.27458619999999884	,-3.0062303	,51.7096492	,4.9336027318511215	
42point,null	,-0.1973039209842682	,217.49	,-130.77153882624918	,0.053019721060991266	,0.02284727245569229	,17.41165483597991	,-2.38301595	,0.08998356759548187	,49.953	,12.192999839782715	,1579810140	,9.6497436	,-0.3824593499999988	,-3.0062457	,51.7096174	,2.658464157998935	
43point,null	,-0.04584622755646705	,226.32	,-137.2214503840323	,-0.03147916123270989	,-0.11168695241212845	,20.496309991582944	,-2.6281822	,0.08998356759548187	,49.954	,12.192999839782715	,1579810141	,9.44380395	,-0.30400614999999886	,-3.0062775	,51.7095883	,0.6417600387419001	
44point,null	,0.22019603848457336	,222.57	,-132.5685069553662	,0.05989792943000796	,0.008971082046627998	,18.307888353206884	,-2.93218835	,0.08998356759548187	,49.962	,12.192999839782715	,1579810142	,9.3947707	,-0.07845319999999885	,-3.0063228	,51.7095592	,-3.5278908902809074	
45point,null	,0.0805785059928894	,212.82	,-122.8156525187483	,0.04226892068982125	,-0.03749743849039078	,20.76587365246125	,-2.97141495	,0.08998356759548187	,49.969	,12.192999839782715	,1579810143	,9.36535075	,0.17651970000000114	,-3.0063684	,51.7095268	,-2.544176523607814	
46point,null	,0.06684119254350662	,208.56	,-118.55752134486558	,0.04567155987024308	,-0.0010293403174728155	,23.560471164581347	,-3.2558078	,0.08998356759548187	,49.976	,12.192999839782715	,1579810144	,9.2770909	,0.009806650000001136	,-3.0064113	,51.7094891	,-2.251186807980247	
47point,null	,0.014220716431736943	,206.25	,-116.24275657476993	,0.027888843789696697	,-0.007712687365710735	,25.568307723944155	,-3.54020065	,0.08998356759548187	,49.981	,12.192999839782715	,1579810145	,9.12999115	,0.07845320000000111	,-3.0064525	,51.7094447	,-1.5442540113125829	
48point,null	,0.012872408144176003	,205.49	,-115.48297999187606	,0.021253429353237152	,0.0002470205072313547	,26.816191823041947	,-3.83440015	,0.08998356759548187	,49.987	,12.192999839782715	,1579810146	,9.0417313	,-0.0588398999999989	,-3.0064946	,51.7093942	,-1.3876322241154897	
49point,null	,0.0027911213692277644	,205.08	,-115.07825030241777	,0.01994389295578003	,-0.005905441008508205	,27.818052508235883	,-4.1482129500000005	,0.08998356759548187	,49.992	,12.192999839782715	,1579810147	,8.8848249	,-0.20593964999999892	,-3.0065378	,51.7093388	,-1.247172158598526	
50point,null	,0.002653900999575851	,204.91	,-114.90533723338974	,0.017017215490341187	,-0.003760639112442732	,28.74667819760164	,-4.2953127	,0.08998356759548187	,49.996	,12.192999839782715	,1579810148	,8.7867584	,-0.16671304999999892	,-3.0065828	,51.7092796	,-1.2569765749869657	
51point,null	,0.00178808474447578	,204.86	,-114.85651504120244	,0.01567641645669937	,-0.006656610406935215	,29.335594183313084	,-4.4522191	,0.08998356759548187	,49.996	,12.192999839782715	,1579810149	,8.7671451	,-0.18632634999999892	,-3.0066294	,51.7092175	,-1.3303409175225367	
52point,null	,-0.0033370337914675257	,204.75	,-114.74507367470454	,-0.17746827006340027	,-0.004009965341538191	,25.140893268704975	,-4.65815875	,0.08998356759548187	,49.999	,12.192999839782715	,1579810150	,8.75733845	,-0.22555294999999892	,-3.0066775	,51.709153	,-1.4038621409656133	
53point,null	,0.0002841604873538122	,204.85	,-114.84666590841931	,-0.0855829268693924	,-0.0001239024568349123	,21.261781244697318	,-4.4129925	,0.08998356759548187	,50.009	,12.192999839782715	,1579810151	,8.77695175	,-0.25497289999999895	,-3.0067244	,51.7090899	,-1.4372223856975455	
54point,null	,-0.0040313862264156255	,204.97	,-114.96141308647553	,-0.06920191645622253	,0.0010299328714609146	,17.2035423870642	,-3.97169325	,0.08998356759548187	,50.004	,12.192999839782715	,1579810152	,8.97308475	,-0.1961329999999989	,-3.0067651	,51.7090338	,-1.2888596845891687	
55point,null	,-0.00807462912052869	,205.37	,-115.363861492751	,-0.06478339433670044	,0.0068425824865698814	,12.934623783161104	,-3.334261	,0.08998356759548187	,49.994	,12.241999626159668	,1579810153	,9.32612415	,-0.23535959999999886	,-3.0067995	,51.7089862	,-0.9728141318096902	
56point,null	,-0.0188748575747013	,206.19	,-116.18668072168411	,-0.07343290001153946	,0.01455717347562313	,8.676809359301156	,-2.5889556000000002	,0.08998356759548187	,49.985	,12.241999626159668	,1579810154	,9.5320638	,-0.1961329999999988	,-3.0068273	,51.7089475	,-0.6003638630080426	
57point,null	,-0.04059457406401633	,207.93	,-117.92755933733697	,-0.08906687051057816	,0.009757205843925476	,3.9451855664910673	,-1.91229675	,0.08998356759548187	,49.975	,12.241999626159668	,1579810155	,9.6889702	,-0.1372930999999988	,-3.0068487	,51.7089185	,-0.19451119440068157	
58point,null	,0.001987266354262845	,210.55	,-120.54128148740406	,-0.13267864286899567	,0.005248020403087139	,-2.166603452846095	,-1.176798	,0.08998356759548187	,49.969	,12.241999626159668	,1579810156	,9.8458766	,-0.1274864499999988	,-3.0068585	,51.7089059	,0.29531958386691115	
59point,null	,0.0008675296558067262	,209.55	,-119.54895062364962	,-0.0488930344581604	,0.04200892895460129	,-3.903382247449645	,-0.2549729	,0.08998356759548187	,49.963	,12.241999626159668	,1579810157	,9.87529655	,-0.03922659999999879	,-3.0068691	,51.7088933	,0.8349176283873034	
60point,null	,0.006541860289871697	,209.97	,-119.96281910621737	,-0.03193927928805351	,0.03532244637608528	,-5.902766874601374	,0.2549729	,0.08998356759548187	,49.96	,12.241999626159668	,1579810158	,9.81645665	,0.1470997500000012	,-3.0068721	,51.7088909	,3.0085397409358245	
61point,null	,0.002878348343074325	,209.79	,-119.78243381023734	,-0.028124285861849785	,0.0232965350151062	,-7.0938408752775866	,0.75511205	,0.08998356759548187	,49.962	,12.241999626159668	,1579810159	,9.8262633	,0.3236194500000012	,-3.0068718	,51.7088963	,4.1402775404146075	
62point,null	,-1.4531307220458984	,242.33	,-152.3268235448657	,0.07672770321369153	,0.14478394389152527	,-7.240730496681055	,0.93163175	,0.08998356759548187	,49.96	,12.241999626159668	,1579810160	,9.7478101	,0.8727918500000013	,-3.0068707	,51.7089151	,9.729802548169094	
63point,null	,-0.9306968450546265	,316.35	,133.65203951387497	,0.004378565587103253	,0.07641813158988953	,12.367749671674959	,-0.99047165	,0.08998356759548187	,49.968	,12.192999839782715	,1579810161	,9.7085835	,1.5298374000000012	,-3.0068674	,51.7089369	,10.272543039996638	
64point,null	,-0.6276184916496277	,8.17	,81.82153319537403	,0.031208399683237	,-0.28465181589126587	,19.466027181705297	,-2.3143694	,0.08998356759548187	,49.967	,12.192999839782715	,1579810162	,9.5909037	,0.13729310000000117	,-3.0068666	,51.708954	,-5.317869174556056	
65point,null	,0.25494930148124695	,359.66	,90.34515768665193	,0.0644887834787369	,0.08720260113477707	,23.323881949468575	,-2.8439285	,0.08998356759548187	,49.966	,12.192999839782715	,1579810163	,9.48303055	,-0.5982056499999988	,-3.0068652	,51.7089895	,2.2270395279432953	
66point,null	,-0.09487093985080719	,4.07	,85.9221520961466	,0.02283588796854018	,-0.0295020192861557	,24.684938868018893	,-3.4127142	,0.08998356759548187	,49.97	,12.192999839782715	,1579810164	,9.16921775	,-0.09806649999999889	,-3.006865	,51.7090538	,-2.692719691120682	
67point,null	,0.03901819512248039	,1.95	,88.04394438539552	,0.012335055507719522	,0.0012594466097652912	,25.947470307791782	,-3.7853669	,0.08998356759548187	,49.973	,12.192999839782715	,1579810165	,8.99269805	,-0.2745861999999989	,-3.0068631	,51.7090859	,-0.5407476774155131	
68point,null	,-0.009631022810935976	,2.89	,87.10558546301908	,0.015047633089125155	,-0.0007635883521288633	,27.03170136682877	,-3.99130655	,0.08998356759548187	,49.979	,12.192999839782715	,1579810166	,8.97308475	,-0.1863263499999989	,-3.0068599	,51.7091436	,-1.7221220624183657	
69point,null	,0.008681530132889746	,2.35	,87.64848390297121	,0.018976010382175446	,0.007435432635247707	,27.82298390481663	,-4.1972462	,0.08998356759548187	,49.983	,12.192999839782715	,1579810167	,8.8652116	,-0.18632634999999892	,-3.0068557	,51.7092056	,-1.3338275156504331	
70point,null	,0.0013326057232916336	,2.47	,87.52846830118737	,0.01529743243008852	,0.0017125909216701984	,28.628746443844914	,-4.40318585	,0.08998356759548187	,49.985	,12.192999839782715	,1579810168	,8.7671451	,-0.22555294999999892	,-3.0068512	,51.7092709	,-1.5877869690396196	
71point,null	,0.004925669636577366	,2.29	,87.70747838126671	,0.01367988996207714	,0.004059086553752422	,29.408281056460346	,-4.4914457	,0.08998356759548187	,49.986	,12.192999839782715	,1579810169	,8.7279185	,-0.17651969999999892	,-3.0068463	,51.7093391	,-1.4977715858028993	
72point,null	,0.0026610523927956802	,2.21	,87.78648125840554	,0.01409695204347372	,-0.005170512944459915	,29.970050455315555	,-4.6287388	,0.08998356759548187	,49.987	,12.192999839782715	,1579810170	,8.73772515	,-0.23535959999999892	,-3.0068409	,51.7094096	,-1.6746538485123714	
73point,null	,0.0031561073847115027	,2.09	,87.90419039068401	,0.011683659628033638	,0.0025609007570892572	,30.478168718240322	,-4.7268053	,0.08998356759548187	,49.99	,12.192999839782715	,1579810171	,8.6102387	,-0.22555294999999895	,-3.0068354	,51.7094825	,-1.6109536900438315	
74point,null	,0.0029560588300228106	,2.01	,87.98534499085481	,0.011188258416950703	,-0.001804998842999339	,30.931597656480783	,-4.69738535	,0.08998356759548187	,49.99	,12.192999839782715	,1579810172	,8.5317855	,-0.16671304999999895	,-3.0068297	,51.7095572	,-1.6767725945372434	
75point,null	,0.002586691407486795	,1.93	,88.06310456012132	,0.00935367587953806	,-0.005521895829588175	,31.269104624127785	,-4.8248718	,0.08998356759548187	,49.989	,12.192999839782715	,1579810173	,8.4729456	,-0.20593964999999895	,-3.006824	,51.7096337	,-1.7612467733663741	
76point,null	,0.002455809153616428	,1.85	,88.14499703416587	,0.002386603504419327	,0.004022733308374882	,31.65039993454374	,-4.9817782	,0.08998356759548187	,49.99	,12.192999839782715	,1579810174	,8.52197885	,-0.20593964999999895	,-3.0068162	,51.7097433	,-1.8960782293987277	
77point,null	,0.002293061697855591	,1.81	,88.18035927137655	,0.006188742816448212	,0.0010185232385993004	,31.99849711049886	,-4.9621649	,0.08998356759548187	,49.991	,12.192999839782715	,1579810175	,8.5121722	,-0.22555294999999895	,-3.0068129	,51.709791	,-1.9115710194270104	
78point,null	,0.0015245617832988496	,1.77	,88.22732418571809	,0.003913014195859432	,-0.008205913007259369	,32.21583714498325	,-5.05042475	,0.08998356759548187	,49.991	,12.142999649047852	,1579810176	,8.42391235	,-0.19613299999999895	,-3.0068074	,51.7098717	,-1.913594889855446	
79point,null	,-0.023443367332220057	,1.9	,88.09936368654738	,-0.16219550371170044	,0.22867938876152039	,30.956674696018478	,-5.1582979	,0.08998356759548187	,49.993	,12.142999649047852	,1579810177	,8.36507245	,-0.215746299999999	,-3.006802	,51.7099533	,0.005695639470349511	
80point,null	,-0.15920132398605347	,9.45	,80.54329829692561	,-0.03964986279606821	,0.11215776205062866	,27.92873913883052	,-5.03081145	,0.08998356759548187	,50.002	,12.192999839782715	,1579810178	,8.4533323	,-0.529559099999999	,-3.0067958	,51.7100356	,2.237959079435434	
81point,null	,-0.17455051839351654	,19.84	,70.15249821541303	,-0.00667617190629246	,0.11281003057956696	,27.158596036323853	,-4.7268053	,0.08998356759548187	,49.991	,12.192999839782715	,1579810179	,8.71811185	,-0.8433718999999988	,-3.0067808	,51.710113	,4.091196227925705	
82point,null	,0.002747301012277605	,26.4	,63.596013508462896	,-0.014419936574995518	,0.17265386879444122	,22.67906940313705	,-4.52086565	,0.08998356759548187	,49.985	,12.192999839782715	,1579810180	,8.7083052	,-0.608012299999999	,-3.00675	,51.7101831	,-0.024661636970648722	
83point,null	,-0.20927484333515167	,32.43	,57.56169676356026	,-0.04384936392307284	,0.10526668280363083	,19.845430529721156	,-4.0991797	,0.08998356759548187	,49.978	,12.192999839782715	,1579810181	,9.05153795	,-0.4707191999999989	,-3.0067079	,51.7102454	,3.2943362001503016	
84point,null	,-0.30416199564933777	,48.32	,41.67575592399945	,-0.02668408490717415	,0.12177347391843796	,18.7613053386163	,-3.6676871	,0.08998356759548187	,49.968	,12.192999839782715	,1579810182	,9.20844435	,-0.6962721499999989	,-3.0066601	,51.7102974	,5.688909382820036	
85point,null	,0.10744993388652802	,53.24	,36.753423004278865	,-0.04854648187756537	,0.06090883910655975	,13.736695458716635	,-3.2558078	,0.08998356759548187	,49.961	,12.192999839782715	,1579810183	,9.2378643	,-0.5883989999999989	,-3.006604	,51.7103368	,-0.36701810729695855	
86point,null	,-0.0458775982260704	,52.7	,37.2970992320227	,-0.07865317910909653	,-0.018945962190628052	,9.376567362410832	,-2.75566865	,0.08998356759548187	,49.963	,12.241999626159668	,1579810184	,9.4732239	,-0.12748644999999884	,-3.0065472	,51.7103665	,-1.2083774311648021	
87point,null	,0.04116609320044519	,52.1	,37.89791682236287	,-0.09828980267047882	,0.0032346697989851236	,4.495475551785591	,-2.1378497	,0.08998356759548187	,49.971	,12.241999626159668	,1579810185	,9.69877685	,-0.1569063999999988	,-3.0064989	,51.7103893	,-1.380050500693372	
88point,null	,-0.0057643251493572955	,50.76	,39.2326689748722	,-0.18799878656864166	,0.021979067474603653	,-2.7053549007549584	,-1.372931	,0.08998356759548187	,49.978	,12.241999626159668	,1579810186	,9.8458766	,-0.1274864499999988	,-3.0064629	,51.7104066	,-1.063454477355473	
89point,null	,0.006258133798837663	,51.22	,38.77713975346196	,-0.004565367475152015	,0.08587723225355148	,-5.4033455769241705	,-0.36284605000000003	,0.08998356759548187	,49.979	,12.241999626159668	,1579810187	,9.83606995	,0.029419950000001208	,-3.0064422	,51.7104171	,3.0130130879553496	
90point,null	,-0.005859291646629576	,50.95	,39.04010545160202	,0.03711545839905739	,0.03741798922419548	,-4.402158519137126	,0.32361945000000003	,0.08998356759548187	,49.976	,12.241999626159668	,1579810188	,9.83606995	,0.4020726500000012	,-3.0064374	,51.7104184	,7.093319219579719	
91point,null	,-1.0879369974136353	,65.39	,24.603875678470995	,0.002886013127863274	,0.054222822189331055	,-4.4609135139248695	,0.55897905	,0.08998356759548187	,49.965	,12.241999626159668	,1579810189	,9.77723005	,0.9904716500000013	,-3.0064374	,51.7104103	,10.578491118583605	
92point,null	,-1.0875723361968994	,144.51	,-54.51306049685975	,0.026146378368139135	,0.002533030929043889	,14.86670756821293	,-1.1375714000000001	,0.08998356759548187	,49.963	,12.192999839782715	,1579810190	,9.73800345	,1.1571847000000013	,-3.0064359	,51.710394	,3.194036366292556	
93point,null	,0.2258932888507843	,174.25	,-84.25476406784342	,0.04702115803956988	,0.09904438257217407	,17.439622753083814	,-2.10842975	,0.08998356759548187	,49.958	,12.192999839782715	,1579810191	,9.6497436	,-0.45110589999999884	,-3.0064303	,51.7103697	,-6.035810848783588	
94point,null	,-0.27344629168510437	,166.3	,-76.30801655345202	,-0.18662628531455996	,0.07418055832386017	,15.369605859064512	,-2.745862	,0.08998356759548187	,49.96	,12.192999839782715	,1579810192	,9.52225715	,-0.20593964999999886	,-3.0064172	,51.7103374	,4.328196535049172	
95point,null	,-0.20717556774616241	,186.99	,-96.9854890024042	,0.013464409857988332	,0.0923633947968483	,16.421239840287623	,-2.69682875	,0.08998356759548187	,49.972	,12.192999839782715	,1579810193	,9.463417250000001	,-0.6472388999999988	,-3.006404	,51.7102985	,0.997052658905069	
96point,null	,-0.14367948472499847	,196.07	,-106.06890293809082	,0.05454747378826139	,0.011612741276621819	,19.2991161414104	,-2.67721545	,0.08998356759548187	,49.979	,12.192999839782715	,1579810194	,9.54187045	,-0.6668521999999989	,-3.0064007	,51.710259	,1.0135832108003773	
97point,null	,0.18317089974880219	,197.94	,-107.93328503431582	,-0.07605172693729398	,-0.09852041304111481	,13.307110710868688	,-2.91257505	,0.08998356759548187	,49.989	,12.192999839782715	,1579810195	,9.40457735	,-0.5687856999999988	,-3.0064099	,51.7102193	,-5.8022170985086845	
98point,null	,0.47902563214302063	,176.51	,-86.51100777713043	,-0.047825451940298025	,-0.17873208224773407	,13.150752312841462	,-2.67721545	,0.08998356759548187	,49.995	,12.241999626159668	,1579810196	,9.4536106	,-0.07845319999999885	,-3.0064259	,51.7101786	,-8.994863948191966	
99point,null	,0.2013947367668152	,147.69	,-57.6913934044768	,-0.28241798281669617	,0.3676097095012665	,14.614349153853883	,-2.5301157	,0.08998356759548187	,49.986	,12.192999839782715	,1579810197	,9.639936950000001	,0.1765197000000012	,-3.0064284	,51.710141	,-3.086172738259251	
100point,null	,-0.055380783975124345	,157.17	,-67.17690057660207	,-0.124115951359272	,0.1014769971370697	,5.2116315584320105	,-2.1966896	,0.08998356759548187	,49.988	,12.241999626159668	,1579810198	,9.6301303	,-0.3824593499999988	,-3.0064089	,51.7101074	,-4.771519354638957	
101point,null	,0.009565461426973365	,153.13	,-63.13319636152273	,-0.19037243723869324	,0.06928732991218567	,-1.9125473095914842	,-1.3533177	,0.08998356759548187	,49.98	,12.241999626159668	,1579810199	,9.83606995	,-0.43149259999999884	,-3.0063844	,51.7100815	,-0.9620920154732402	
102point,null	,0.009471320547163481	,154.8	,-64.80894229325034	,0.04693664610385895	,0.016315635293722153	,-4.705592234335879	,-0.30400615	,0.08998356759548187	,49.967	,12.241999626159668	,1579810200	,9.9047165	,-0.14709974999999878	,-3.0063652	,51.710067	,1.6128796966680463	
103point,null	,-0.000551583012565978	,154.1	,-64.09466843060709	,0.062324877828359604	,0.0008682212792336941	,-1.3886679582700974	,0.1765197	,0.08998356759548187	,49.956	,12.241999626159668	,1579810201	,9.80665	,0.0392266000000012	,-3.0063589	,51.7100644	,1.6627921578015612	
104point,null	,0.005632150918245312	,154.35	,-64.35424293982425	,0.031235964968800545	,-0.01688111387193203	,0.9619054659315304	,0.26477955	,0.08998356759548187	,49.954	,12.241999626159668	,1579810202	,9.83606995	,0.15690640000000122	,-3.0063616	,51.7100667	,0.8675625175253796	
105point,null	,0.00296599231660366	,154.23	,-64.23739206350368	,0.0031079680193215613	,-0.015804361552000046	,1.5080969108372326	,0.0588399	,0.08998356759548187	,49.961	,12.241999626159668	,1579810203	,9.7870367	,0.1961330000000012	,-3.006367	,51.7100681	,-0.17373475946149475	
106point,null	,0.003362644230946899	,154.26	,-64.26714436752823	,-0.004421763122081757	,-0.010930690914392471	,1.1843145679971285	,-0.04903325	,0.08998356759548187	,49.973	,12.241999626159668	,1579810204	,9.80665	,0.07845320000000121	,-3.0063711	,51.7100679	,-0.7258594643011823	
107point,null	,0.002793778199702502	,154.23	,-64.2392771957146	,-0.007275084964931011	,-0.00032858620397746563	,0.7132201458812173	,-0.06864655	,0.08998356759548187	,49.979	,12.241999626159668	,1579810205	,9.7478101	,1.1937624437661242e-15	,-3.006373	,51.7100668	,-0.8309199400104379	
108point,null	,0.0034702087286859755	,154.24	,-64.23986459198323	,-0.0036333899479359384	,-0.0016521014040336013	,0.5469531710807143	,-0.04903325	,0.08998356759548187	,49.553	,12.291000366210938	,1579810206	,8.75733845	,1.0724646501842543e-15	,-3.0063732	,51.7100656	,-0.7610048430057181	
109point,null	,0.0023101889528334145	,154.23	,-64.24136723360061	,-0.002105520805343985	,0.00150444230530411	,0.37171354218620933	,-0.04903325	,0.08998356759548187	,48.397	,12.291000366210938	,1579810206	,9.56148375	,1.1709440469536932e-15	,-3.0063727	,51.7100651	,-0.5392824417559704	
110point,null	,0.002463079523295164	,154.23	,-64.2332802896233	,0.0016108343843370678	,0.0015112096443772316	,0.33835924718937777	,0.0	,0.08998356759548187	,47.028	,12.241999626159668	,1579810207	,9.79684335	,0.019613300000001197	,-3.006372	,51.7100649	,-0.4797911205591893	
111point,null	,0.0026602353900671005	,154.23	,-64.23031598752354	,0.00093317567370832	,-0.0010083300294354558	,0.3918020623501425	,0.00980665	,0.08998356759548187	,45.591	,12.241999626159668	,1579810209	,9.80665	,1.2009682532858392e-15	,-3.0063714	,51.7100649	,-0.4167247289404352	
112point,null	,0.00201951409690082	,154.21	,-64.21979749620172	,0.006230180151760578	,-0.0032600420527160168	,0.509693368580384	,0.00980665	,0.08998356759548187	,44.125	,12.241999626159668	,1579810210	,9.79684335	,-0.029419949999998803	,-3.0063713	,51.710065	,-0.47369560361177604	
113point,null	,0.0022908032406121492	,154.22	,-64.22202413787113	,0.0004481789655983451	,0.005114782601594925	,0.4383422509830953	,0.0	,0.08998356759548187	,42.639	,12.241999626159668	,1579810210	,9.8262633	,-0.0294199499999988	,-3.0063711	,51.710065	,-0.3785619007266352	
114point,null	,0.0022477458696812387	,154.21	,-64.2164507035084	,0.003831285517662764	,0.0027731601148843765	,0.34913728569965785	,0.02941995	,0.08998356759548187	,41.15	,12.241999626159668	,1579810211	,9.79684335	,-0.0392265999999988	,-3.0063709	,51.710065	,-0.348675607600451	
115point,null	,0.00205657840706408	,154.21	,-64.21411477881226	,0.0031957710161805157	,-0.0007564186817035079	,0.38143146063210964	,0.0196133	,0.08998356759548187	,39.659	,12.241999626159668	,1579810213	,9.77723005	,1.1973653485259817e-15	,-3.0063708	,51.7100651	,-0.29350499470351105	
116point,null	,0.0018448445480316875	,154.21	,-64.21440164675741	,0.001524078310467303	,0.003476711455732584	,0.4157334710567068	,-0.02941995	,0.08998356759548187	,38.166	,12.241999626159668	,1579810213	,9.87529655	,0.02941995000000121	,-3.0063706	,51.7100652	,-0.3008166855295833	
117point,null	,0.0015382287092506883	,154.2	,-64.21142368427925	,0.002301911823451519	,-0.003352788742631674	,0.451405601420553	,-0.00980665	,0.08998356759548187	,36.671	,12.241999626159668	,1579810214	,9.75761675	,0.049033250000001194	,-3.0063706	,51.7100652	,-0.28538379305866013	
118point,null	,0.001980009255930781	,154.2	,-64.20871892936796	,0.0021542080212384467	,-0.005050145089626312	,0.43285163266405147	,-0.02941995	,0.08998356759548187	,35.175	,12.241999626159668	,1579810216	,9.80665	,1.2009682532858392e-15	,-3.0063706	,51.7100652	,-0.28965338166143223	
119point,null	,0.0017110393382608893	,154.2	,-64.20988006152686	,-0.0013625827850773928	,0.0010988108115270734	,0.4257451143173439	,-0.00980665	,0.08998356759548187	,33.68	,12.241999626159668	,1579810216	,9.79684335	,0.0588399000000012	,-3.0063706	,51.7100652	,-0.31675922750646573	
120point,null	,0.0020993039943277836	,154.2	,-64.20370557051714	,0.00023269141092896486	,-0.005530030932277441	,0.4374942136285296	,-0.04903325	,0.08998356759548187	,32.185	,12.241999626159668	,1579810217	,9.8262633	,0.0196133000000012	,-3.0063706	,51.7100651	,-0.3490106070348989	
121point,null	,0.0027189035899937157	,154.2	,-64.20101447598418	,-0.0036304416134953495	,-0.0066244048066437244	,0.4233038819780198	,-0.00980665	,0.08998356759548187	,30.689	,12.241999626159668	,1579810218	,9.79684335	,1.1997672850325534e-15	,-3.0063706	,51.7100651	,-0.2710538160561354	
122point,null	,0.0016156911151483653	,154.2	,-64.21291266551833	,0.0021472531370818615	,0.0036102531012147665	,0.40958139160522933	,-0.00980665	,0.08998356759548187	,29.565	,12.241999626159668	,1579810219	,9.8262633	,-0.0490332499999988	,-3.0063705	,51.710065	,-0.3442784065179908	
123point,null	,0.001418341533280909	,154.2	,-64.20436126867749	,-1.760968007147295e-05	,-0.004121534992009401	,0.34633448022114605	,0.00980665	,0.08998356759548187	,28.069	,12.241999626159668	,1579810220	,9.81645665	,0.0294199500000012	,-3.0063703	,51.710065	,-0.22926973360218567	
124point,null	,0.0015748280566185706	,154.19	,-64.19828240031619	,0.006096094846725464	,-4.1380757465958595e-05	,0.31013682549760574	,0.0	,0.08998356759548187	,26.571	,12.241999626159668	,1579810221	,9.83606995	,1.2045711580456967e-15	,-3.0063703	,51.7100651	,-0.32151242551898634	
125point,null	,0.0021976577118039122	,154.2	,-64.20594587256494	,0.006973647512495518	,-0.004888151306658983	,0.36848328959561655	,-0.00980665	,0.08998356759548187	,25.075	,12.241999626159668	,1579810222	,9.7674234	,-0.019613299999998803	,-3.0063703	,51.7100651	,-0.3006442499334669	
126point,null	,0.001553906360641121	,154.2	,-64.2072026273722	,0.0074167400598526	,0.0010815552668645978	,0.30978971314955156	,0.00980665	,0.08998356759548187	,23.575	,12.241999626159668	,1579810223	,9.80665	,-0.0294199499999988	,-3.0063703	,51.7100651	,-0.36429641031482884	
127point,null	,0.0021471467334777112	,154.2	,-64.19408866416576	,0.0035539781674742703	,-0.004404708277434111	,0.29826731742187224	,0.0196133	,0.08998356759548187	,22.077	,12.241999626159668	,1579810224	,9.8851032	,-0.02941994999999879	,-3.0063701	,51.7100651	,-0.24294620023935767	
128point,null	,0.0019275422673672435	,154.2	,-64.20031779668884	,0.0025760568678379063	,-0.0009333192138001323	,0.3761663452773818	,-0.02941995	,0.08998356759548187	,20.199	,12.241999626159668	,1579810225	,9.79684335	,-0.0588398999999988	,-3.0063701	,51.7100651	,-0.2565432125665754	
129point,null	,0.0019805370829999443	,154.19	,-64.19899273998985	,0.003384192474186421	,-0.0011838661739602685	,0.3678493093024218	,0.02941995	,0.08998356759548187	,18.699	,12.241999626159668	,1579810226	,9.77723005	,-0.009806649999998803	,-3.0063701	,51.7100651	,-0.2805187506984804	
130point,null	,0.0017690390814095731	,154.19	,-64.19948451361012	,0.003746329341083765	,-0.0008723340579308569	,0.3795783982937734	,-0.0588399	,0.08998356759548187	,17.571	,12.241999626159668	,1579810227	,9.87529655	,1.2093750310588401e-15	,-3.00637	,51.710065	,-0.3217515621812162	
131point,null	,0.001542659942060709	,154.19	,-64.19821409842447	,-1.940201036632042e-05	,-0.007564580533653498	,0.2778072990001139	,0.0	,0.08998356759548187	,16.071	,12.241999626159668	,1579810228	,9.7870367	,0.009806650000001197	,-3.00637	,51.710065	,-0.23314514558465382	
132point,null	,0.0018765614368021486	,154.19	,-64.18892504115325	,0.002453285735100508	,-0.001582701108418405	,0.3815746811612683	,-0.0784532	,0.08998356759548187	,14.568	,12.241999626159668	,1579810229	,9.80665	,-0.0294199499999988	,-3.00637	,51.710065	,-0.28181886119873656	
133point,null	,0.0014963661087676876	,154.19	,-64.19885613620644	,0.005775602534413338	,-0.01032822486013174	,0.362079053433804	,-0.00980665	,0.08998356759548187	,13.065	,12.241999626159668	,1579810230	,9.80665	,1.2009682532858392e-15	,-3.00637	,51.710065	,-0.29021295024527066	
134point,null	,0.001799222314730287	,154.19	,-64.19366519243725	,-0.0027574207633733745	,0.0044572073966264725	,0.31804116863630877	,0.00980665	,0.08998356759548187	,11.562	,12.241999626159668	,1579810231	,9.83606995	,1.2045711580456967e-15	,-3.00637	,51.710065	,-0.35750215967923804	
135point,null	,0.0019153965404257185	,154.19	,-64.19612406053845	,-0.006014695391058922	,0.004034467972815037	,0.31247400417379306	,-0.0196133	,0.08998356759548187	,10.485	,12.192999839782715	,1579810232	,10.83634825	,0.009806650000001325	,-3.0063698	,51.710065	,-0.2986153102240028	
136point,null	,0.0017251610988751052	,154.19	,-64.1930641357903	,0.002122424775734544	,-0.005320883356034756	,0.34940971953409145	,-0.00980665	,0.08998356759548187	,10.172	,12.241999626159668	,1579810233	,10.1008495	,1.2369973008844143e-15	,-3.0063698	,51.7100649	,-0.21536896461988744	
137point,null	,0.0014409527648240323	,154.19	,-64.19799553237104	,0.0043162195943295956	,-0.0029374868609011173	,0.35673328314993175	,-0.00980665	,0.08998356759548187	,10.083	,12.241999626159668	,1579810234	,9.89490985	,-0.03922659999999879	,-3.0063697	,51.7100649	,-0.1912718037640311	
138point,null	,0.0010826229117810724	,154.18	,-64.18902066380163	,0.0016349341021850707	,-0.0009419576381333172	,0.23403237648566413	,0.0	,0.08998356759548187	,10.044	,12.241999626159668	,1579810235	,9.79684335	,0.0588399000000012	,-3.0063697	,51.7100649	,-0.18721190997290652	
139point,null	,0.0018811043119058006	,154.18	,-64.18776390899436	,0.005666544660925865	,-0.0037238551303744316	,0.3534574870713968	,-0.00980665	,0.08998356759548187	,10.028	,12.241999626159668	,1579810236	,9.81645665	,-0.0686465499999988	,-3.0063697	,51.7100649	,-0.30837735809524364	
140point,null	,0.0014550448395311841	,154.19	,-64.19422526794918	,-0.007472379598766565	,0.002660610945895314	,0.2837248308227101	,0.0	,0.08998356759548187	,10.02	,12.241999626159668	,1579810237	,9.79684335	,1.1997672850325534e-15	,-3.0063697	,51.7100649	,-0.249513133641634	
141point,null	,0.0010557392379269	,154.19	,-64.190441343149	,0.0031266948208212852	,-0.0029186727479100227	,0.23130238189092173	,0.02941995	,0.08998356759548187	,10.014	,12.241999626159668	,1579810238	,9.79684335	,-0.0392265999999988	,-3.0063697	,51.7100648	,-0.2642881668376939	
142point,null	,0.0020185317844152446	,154.19	,-64.19425258870587	,0.002508991397917271	,0.0016032851999625564	,0.29811040983394704	,0.0	,0.08998356759548187	,10.013	,12.241999626159668	,1579810239	,9.81645665	,-0.0294199499999988	,-3.0063695	,51.7100648	,-0.12886124370773058	
143point,null	,0.0019880856852978477	,154.18	,-64.1898949280154	,-0.006081155501306057	,0.0029510515742003918	,0.3041766583535496	,0.0	,0.08998356759548187	,10.011	,12.241999626159668	,1579810240	,9.7674234	,0.029419950000001197	,-3.0063697	,51.7100649	,-0.18973507790184443	
144point,null	,0.0010498079936951388	,154.19	,-64.19858292863965	,0.00837414525449276	,-0.00017095089424401522	,0.27876352548391564	,0.00980665	,0.08998356759548187	,10.009	,12.241999626159668	,1579810241	,9.8262633	,-0.019613299999998796	,-3.0063697	,51.7100649	,-0.2765325615854111	
145point,null	,0.001963992603123187	,154.17	,-64.1792808140452	,0.006995882373303175	,-0.0003485033521428704	,0.30532068835910037	,0.0196133	,0.08998356759548187	,10.007	,12.241999626159668	,1579810242	,9.79684335	,1.1997672850325534e-15	,-3.0063698	,51.7100648	,-0.28157556238998127	
146point,null	,0.0018721969099715343	,154.19	,-64.19645190961862	,0.006252977065742016	,-0.007213001139461994	,0.2560251320458556	,0.0	,0.08998356759548187	,10.006	,12.241999626159668	,1579810243	,9.8458766	,1.2057721262989826e-15	,-3.0063697	,51.7100648	,-0.2382875843385859	
147point,null	,0.0011829105205833908	,154.18	,-64.1865481353221	,0.004290498327463865	,-0.0034056315198540688	,0.2594518859772187	,0.0392266	,0.08998356759548187	,10.004	,12.241999626159668	,1579810244	,9.9047165	,-0.0686465499999988	,-3.0063695	,51.7100648	,-0.18927015813082076	
148point,null	,0.0017405792605131862	,154.2	,-64.20552240083639	,0.0010569561272859576	,0.002103466773405671	,0.20829730425032725	,0.0	,0.08998356759548187	,10.002	,12.241999626159668	,1579810245	,9.85568325	,-0.019613299999998793	,-3.0063692	,51.7100646	,-0.18070340670454552	
149point,null	,0.0014828008133918047	,154.18	,-64.18191726706482	,0.0006512979744002225	,-0.0012155638542026281	,0.20708122375316082	,0.02941995	,0.08998356759548187	,10.0	,12.241999626159668	,1579810246	,9.8262633	,1.2033701897924109e-15	,-3.0063692	,51.7100646	,-0.19237724053272873	
150point,null	,0.0013448927784338591	,154.19	,-64.19131560736277	,0.002547674113884568	,-0.00012100243475288153	,0.27555216263524607	,0.00980665	,0.08998356759548187	,9.999	,12.241999626159668	,1579810247	,9.8262633	,1.2033701897924109e-15	,-3.0063692	,51.7100648	,-0.2200228314047519	
151point,null	,0.0018017471302300685	,154.18	,-64.18246368219845	,0.005395904183387756	,8.067709859460592e-05	,0.3322206413532552	,0.0	,0.08998356759548187	,9.997	,12.241999626159668	,1579810248	,9.83606995	,0.08825985000000121	,-3.0063692	,51.7100648	,-0.05815261078956614	
152point,null	,0.0012017742265015836	,154.19	,-64.19686172096881	,0.0034857867285609245	,-0.0009664653916843235	,0.24739001202681415	,0.0	,0.08998356759548187	,9.997	,12.241999626159668	,1579810249	,9.81645665	,-0.009806649999998798	,-3.0063692	,51.7100648	,-0.18151385133824988	
153point,null	,0.0015327539294958112	,154.18	,-64.18504549370468	,0.002368256915360689	,-0.001822667894884944	,0.27852428209998004	,0.0392266	,0.08998356759548187	,9.997	,12.241999626159668	,1579810250	,9.8262633	,1.2033701897924109e-15	,-3.0063692	,51.7100648	,-0.22796919621510645	
154point,null	,0.0014641914749518035	,154.18	,-64.18899334304496	,0.001356567372567952	,-0.004680366721004248	,0.2103950527795938	,0.00980665	,0.08998356759548187	,9.997	,12.241999626159668	,1579810251	,9.79684335	,1.1997672850325534e-15	,-3.0063692	,51.7100646	,-0.24225392321437997	
155point,null	,0.0014053424820303928	,154.18	,-64.18449907857108	,-0.008072507567703724	,0.002718366216868162	,0.19285184529854824	,0.0588399	,0.08998356759548187	,9.997	,12.241999626159668	,1579810252	,9.80665	,-0.0392265999999988	,-3.006369	,51.7100646	,-0.1640894251157391	
156point,null	,0.0016212332993745797	,154.19	,-64.19259968292673	,0.004868221934884787	,-0.005875479429960251	,0.23276532303377387	,-0.00980665	,0.08998356759548187	,9.999	,12.241999626159668	,1579810253	,9.85568325	,-0.019613299999998793	,-3.006369	,51.7100646	,-0.14345415631287436	
157point,null	,0.0014261484611779447	,154.18	,-64.18493621067798	,0.003170057898387313	,0.006997496355324984	,0.227856471413371	,-0.00980665	,0.08998356759548187	,10.0	,12.241999626159668	,1579810254	,9.80665	,1.2009682532858392e-15	,-3.006369	,51.7100646	,-0.14487102035925534	
158point,null	,0.00123802269808948	,154.18	,-64.18214949349661	,0.003825664520263672	,-0.00018477137200534344	,0.1160187671805971	,0.04903325	,0.08998356759548187	,10.001	,12.241999626159668	,1579810255	,9.81645665	,1.202169221539125e-15	,-3.006369	,51.7100646	,-0.13892994306032108	
159point,null	,0.0017460400704294443	,154.17	,-64.17796941772457	,0.00011313939467072509	,-0.005666838027536869	,0.21722676273391386	,0.0588399	,0.08998356759548187	,10.001	,12.241999626159668	,1579810256	,9.81645665	,-0.0196132999999988	,-3.006369	,51.7100646	,-0.20856400179307877	
160point,null	,0.001505864434875548	,154.18	,-64.18646617305205	,-0.0023696082644164562	,0.007416885811835527	,0.2142224399944603	,-0.0392266	,0.08998356759548187	,10.008	,12.192999839782715	,1579810257	,9.83606995	,1.2045711580456967e-15	,-3.006369	,51.7100646	,-0.12432155580783898	
161point,null	,0.0012714109616354097	,154.18	,-64.18179432365977	,0.009652579203248024	,0.0033876406960189342	,0.195284606602476	,0.0	,0.08998356759548187	,10.484	,12.192999839782715	,1579810258	,10.8461549	,-0.009806649999998671	,-3.0063689	,51.7100648	,-0.06375461988901951	
162point,null	,0.0013965736143290992	,154.19	,-64.19094677714757	,0.00346779846586287	,-0.000808333745226264	,0.28967507284812843	,0.0196133	,0.08998356759548187	,11.929	,12.192999839782715	,1579810259	,10.42446895	,1.276629253242847e-15	,-3.006369	,51.7100648	,-0.08623824860505934	
163point,null	,0.0015645197127014403	,154.17	,-64.17331122871062	,-0.004392342176288366	,-0.0006582308560609818	,0.12362869181347554	,0.0	,0.08998356759548187	,13.917	,12.192999839782715	,1579810260	,10.0420096	,0.02941995000000123	,-3.006369	,51.7100646	,-0.0850730676914441	
164point,null	,0.0009511589887551957	,154.18	,-64.18744972029253	,0.005435201805084944	,-0.007710839156061411	,0.19753073832341853	,-0.0784532	,0.08998356759548187	,16.11	,12.192999839782715	,1579810261	,9.9439431	,-0.03922659999999878	,-3.0063689	,51.7100645	,-0.13672036352360875	
165point,null	,0.0014583604643121364	,154.17	,-64.17521002129988	,-0.0025255498476326466	,-0.008875086903572083	,0.17534853839525175	,0.02941995	,0.08998356759548187	,18.414	,12.192999839782715	,1579810262	,9.83606995	,-0.03922659999999879	,-3.0063687	,51.7100645	,-0.13547612183632932	
166point,null	,0.0015505419578403245	,154.17	,-64.17529198356992	,-0.00960714090615511	,0.005833941046148539	,0.27141368164802654	,0.0196133	,0.08998356759548187	,20.792	,12.192999839782715	,1579810263	,9.85568325	,-0.029419949999998793	,-3.0063687	,51.7100645	,-0.10114911852225918	
167point,null	,0.0013322017621248945	,154.18	,-64.18025070090735	,0.012064175680279732	,0.0072971791960299015	,0.1695523091314894	,-0.00980665	,0.08998356759548187	,23.208	,12.192999839782715	,1579810264	,9.8851032	,0.06864655000000121	,-3.0063687	,51.7100645	,-0.16419203803584795	
168point,null	,0.0013369747903198004	,154.19	,-64.19025009785226	,0.0008493484929203989	,-0.004624467808753252	,0.24356131747105172	,0.02941995	,0.08998356759548187	,25.653	,12.192999839782715	,1579810265	,9.79684335	,-0.029419949999998803	,-3.0063686	,51.7100645	,-0.07845286014766298	
169point,null	,0.000991711160168052	,154.18	,-64.18066051225756	,-0.000911286799237132	,-0.004134819842875004	,0.132273750291368	,0.0	,0.08998356759548187	,28.112	,12.192999839782715	,1579810266	,9.8262633	,1.2033701897924109e-15	,-3.0063686	,51.7100646	,-0.06076945369575371	
170point,null	,0.0011258686427026985	,154.18	,-64.18632956926865	,0.002420651027932763	,-0.009098470211029053	,0.1922034442348598	,-0.0392266	,0.08998356759548187	,30.584	,12.192999839782715	,1579810267	,9.83606995	,-0.0686465499999988	,-3.0063684	,51.7100645	,-0.2151609640153194	
171point,null	,0.001658767112530767	,154.17	,-64.17816066302132	,0.00658771675080061	,-0.005833049770444632	,0.16013510577205492	,-0.00980665	,0.08998356759548187	,33.056	,12.192999839782715	,1579810268	,9.83606995	,1.2045711580456967e-15	,-3.0063684	,51.7100645	,-0.08960535844310372	
172point,null	,0.0009363204007968311	,154.18	,-64.18552360694659	,-0.003338493872433901	,-0.0005269641987979412	,0.13335574830543326	,0.0980665	,0.08998356759548187	,35.539	,12.192999839782715	,1579810269	,9.8458766	,0.07845320000000121	,-3.0063684	,51.7100645	,-0.091449856364551	
173point,null	,0.0014084446011111142	,154.16	,-64.16889892650677	,-0.0025066519156098366	,0.0008197373244911432	,0.04356604812591256	,0.0	,0.08998356759548187	,38.021	,12.192999839782715	,1579810270	,9.8262633	,0.0196133000000012	,-3.0063684	,51.7100644	,-0.1586882129057135	
174point,null	,0.0013007048983126879	,154.18	,-64.18623394662028	,-0.00035432039294391854	,0.00405319407582283	,0.1407722798672225	,0.00980665	,0.08998356759548187	,40.512	,12.192999839782715	,1579810271	,9.8262633	,-0.009806649999998796	,-3.0063684	,51.7100644	,-0.0784042817612126	
175point,null	,0.001055842731148004	,154.18	,-64.18010043674562	,0.0028634825721383095	,0.003429887816309929	,0.11736925032598203	,-0.0196133	,0.08998356759548187	,43.001	,12.192999839782715	,1579810272	,9.80665	,-0.0098066499999988	,-3.0063684	,51.7100644	,-0.10865550976031642	
176point,null	,0.0011300274636596446	,154.17	,-64.17424013443774	,-0.004281291738152504	,-0.002962588332593441	,0.17139888812619933	,-0.0196133	,0.08998356759548187	,45.498	,12.192999839782715	,1579810273	,9.87529655	,1.2093750310588401e-15	,-3.0063684	,51.7100644	,-0.15718885298076343	
177point,null	,0.0012035836698487403	,154.17	,-64.17936277631524	,-0.0025783530436456203	,0.0026751719415187836	,0.09819033927074408	,-0.06864655	,0.08998356759548187	,47.878	,12.241999626159668	,1579810274	,8.89463155	,0.00980665000000109	,-3.0063684	,51.7100645	,-0.1570437781619668	
178point,null	,-0.0013187594013288797	,154.12	,-64.12857348964701	,0.14633558690547943	,0.11857697367668152	,3.3311551886449116	,-0.00980665	,0.08998356759548187	,49.312	,12.241999626159668	,1579810275	,8.58081875	,0.049033250000001055	,-3.0063684	,51.7100645	,2.5332563317854344	
179point,null	,-0.0030016936361789734	,154.2	,-64.20171115527951	,0.02303180657327175	,0.006872928235679865	,6.719732631415769	,-0.30400615	,0.08998356759548187	,49.773	,12.241999626159668	,1579810276	,9.50264385	,0.31381280000000117	,-3.0063687	,51.7100634	,5.292808783604437	
180point,null	,-1.1148240566253662	,169.08	,-79.08905101742776	,0.049200214445590834	,0.024532314389944077	,9.373245329153267	,-0.77472535	,0.08998356759548187	,49.903	,12.241999626159668	,1579810277	,9.65955025	,0.5883990000000012	,-3.0063722	,51.710056	,7.355180561508383	
181point,null	,0.43009957671165466	,202.06	,-112.05546812295857	,0.09831791371107107	,0.18902049958705902	,14.27567507763246	,-1.5494507	,0.08998356759548187	,49.949	,12.192999839782715	,1579810278	,9.8262633	,-0.39226599999999884	,-3.0063801	,51.7100419	,-4.5156049730432715	
182point,null	,-0.2058655470609665	,189.78	,-99.77519780662584	,0.056680124253034564	,-0.08830820769071579	,18.921459614274763	,-2.157463	,0.08998356759548187	,49.966	,12.192999839782715	,1579810279	,9.6301303	,0.1863263500000012	,-3.0063906	,51.7100135	,1.6651706644583146	
183point,null	,0.09061973541975021	,194.54	,-104.53765648844399	,0.05659314244985582	,0.046111978590488434	,22.34178270909078	,-2.6085689	,0.08998356759548187	,49.966	,12.192999839782715	,1579810280	,9.4928372	,-0.12748644999999884	,-3.0064018	,51.709988	,-1.293740388359674	
184point,null	,-0.04237578064203263	,192.42	,-102.98033237654604	,0.03239277377724647	,-0.028309574350714684	,24.552513452843396	,-3.1969679	,0.08998356759548187	,49.965	,12.192999839782715	,1579810281	,9.3359308	,0.009806650000001143	,-3.006418	,51.7099482	,-0.48401340476587396	
185point,null	,0.012656417675316336	,193.75	,-103.57263272099121	,-0.017612004652619362	,0.0026764613576233387	,16.99523869285174	,-3.63826715	,0.08998356759548187	,49.969	,12.192999839782715	,1579810282	,9.12999115	,-0.1274864499999989	,-3.0064376	,51.7099	,-1.2132150193661606	
186point,null	,-0.00786459632217883	,193.32	,-103.41403572846353	,-0.0814550518989563	,-0.0012565597426146269	,12.258645937420468	,-3.2361945	,0.08998356759548187	,49.981	,12.241999626159668	,1579810283	,9.24767095	,-0.17651969999999886	,-3.0064571	,51.7098499	,-1.1974392033741355	
187point,null	,0.0037604756653308977	,193.52	,-103.47393648748455	,-0.08901916444301605	,0.01719101332128048	,7.265039139937138	,-2.5301157	,0.08998356759548187	,49.986	,12.241999626159668	,1579810284	,9.58109705	,-0.1961329999999988	,-3.0064723	,51.7098067	,-0.8242356394122284	
188point,null	,0.001546726911328747	,193.45	,-103.4676527134481	,-0.11461703479290009	,0.016896093264222145	,1.5485493465268723	,-1.7848103	,0.08998356759548187	,49.983	,12.241999626159668	,1579810285	,9.80665	,-0.2059396499999988	,-3.0064831	,51.7097732	,0.027684344191435034	
189point,null	,0.004907029680907723	,193.49	,-103.45910131660726	,0.029548173770308495	,0.0017786069074645638	,-5.018728660137458	,-0.8629852	,0.08998356759548187	,49.981	,12.241999626159668	,1579810286	,9.91452315	,-0.029419949999998786	,-3.00649	,51.7097506	,0.47040676080470856	
190point,null	,0.0013271284988149855	,193.45	,-103.43802335282858	,0.11919260770082474	,-0.006314219906926155	,-3.0823984184125806	,0.0588399	,0.08998356759548187	,49.974	,12.241999626159668	,1579810287	,9.4928372	,1.1625372691806925e-15	,-3.0064932	,51.7097413	,0.5013239322478876	
191point,null	,0.0016246121376752797	,193.44	,-103.42984078620292	,0.04553767666220665	,-0.0023194074165076017	,-0.48956042550642076	,0.20593965	,0.08998356759548187	,49.196	,12.291000366210938	,1579810288	,8.7475318	,0.09806650000000107	,-3.0064933	,51.7097417	,0.5084627072301681	
192point,null	,0.0009362852433696378	,193.43	,-103.43178055992722	,0.008458954282104969	,-0.0033374258782714605	,0.8087785477945199	,0.0784532	,0.08998356759548187	,47.653	,12.291000366210938	,1579810289	,9.8262633	,0.10787315000000121	,-3.0064935	,51.7097444	,0.25646503891708966	
193point,null	,0.0012451764196157455	,193.44	,-103.42709505015655	,0.000184509437531233	,-0.003057922702282667	,0.8593840063245263	,0.0	,0.08998356759548187	,46.483	,12.241999626159668	,1579810290	,9.83606995	,0.0588399000000012	,-3.0064946	,51.7097458	,-0.02059647713033976	
194point,null	,0.0014859044458717119	,193.43	,-103.42335210649141	,-0.008016427978873253	,-0.0011534555815160275	,0.47269119227781453	,-0.0588399	,0.08998356759548187	,44.987	,12.241999626159668	,1579810291	,9.79684335	,1.1997672850325534e-15	,-3.0064957	,51.709746	,-0.22766728050945018	
195point,null	,0.0009009526693262166	,193.43	,-103.42429467259689	,-0.005364573560655117	,-0.0035110313910990953	,0.2629278652953779	,-0.06864655	,0.08998356759548187	,43.491	,12.241999626159668	,1579810292	,9.85568325	,-0.019613299999998793	,-3.0064967	,51.7097456	,-0.30638254265120285	
196point,null	,0.0004833795828744765	,193.42	,-103.4140084077068	,0.0037233508192002773	,0.001770714414305985	,0.1113471245616181	,-0.06864655	,0.08998356759548187	,41.996	,12.241999626159668	,1579810293	,9.79684335	,-0.0588398999999988	,-3.006497	,51.7097451	,-0.1981162136013388	
197point,null	,0.0007656720699742432	,193.42	,-103.41128999241717	,0.003148860763758421	,0.0030751952435821295	,0.04441402878457688	,-0.0784532	,0.08998356759548187	,40.498	,12.241999626159668	,1579810294	,9.81645665	,-0.0196132999999988	,-3.006497	,51.7097446	,-0.11451137644729027	
198point,null	,0.0006185855017974972	,193.42	,-103.41303852084471	,0.001255545299500227	,-0.003102579154074192	,0.0761376661428676	,-0.00980665	,0.08998356759548187	,39.002	,12.241999626159668	,1579810295	,9.75761675	,-0.029419949999998807	,-3.0064968	,51.7097445	,-0.03879809250251758	
199point,null	,0.0011370212305337193	,193.42	,-103.40980101117808	,-0.0019896547310054302	,-0.004498692229390144	,0.09169624343266826	,-0.00980665	,0.08998356759548187	,37.506	,12.241999626159668	,1579810296	,9.75761675	,0.019613300000001194	,-3.0064967	,51.7097442	,-0.07014124029927096	
200point,null	,0.0006808865582570428	,193.41	,-103.41004689798822	,0.004494137596338987	,-0.0017125892918556929	,0.05377711089896686	,-0.02941995	,0.08998356759548187	,36.013	,12.241999626159668	,1579810297	,9.80665	,0.0196133000000012	,-3.0064965	,51.7097442	,-0.005176698505896375	
201point,null	,0.00046990613918751473	,193.41	,-103.40760169026537	,0.0005004878621548415	,-0.0035207432229071856	,0.06771148054331971	,-0.0196133	,0.08998356759548187	,34.514	,12.241999626159668	,1579810298	,9.7674234	,1.1961643802726959e-15	,-3.0064964	,51.7097442	,-0.026621936280487663	
202point,null	,0.0007873150170780716	,193.41	,-103.41137195468721	,0.0017129821935668588	,-0.0009786630980670452	,0.0522707873827146	,-0.04903325	,0.08998356759548187	,33.017	,12.241999626159668	,1579810299	,9.79684335	,-0.0196132999999988	,-3.0064964	,51.7097442	,-0.027987754000972045	
203point,null	,0.0003874222747981545	,193.41	,-103.41163150187569	,0.002679320052266121	,0.0064833746291697025	,0.01849517009919763	,0.0	,0.08998356759548187	,31.517	,12.241999626159668	,1579810300	,9.8262633	,0.009806650000001204	,-3.0064962	,51.7097444	,-0.009650959746919019	
204point,null	,0.0005767057882621892	,193.41	,-103.40245172763119	,-0.006597490981221199	,-0.0024152144324034452	,0.11624939278679554	,0.00980665	,0.08998356759548187	,30.019	,12.241999626159668	,1579810301	,9.80665	,0.0294199500000012	,-3.0064962	,51.7097444	,-0.05669103701856885	
205point,null	,0.00045867334119975594	,193.41	,-103.41318878500644	,-0.0021161262411624193	,0.000940056866966188	,0.19657421835493052	,0.02941995	,0.08998356759548187	,28.52	,12.241999626159668	,1579810302	,9.79684335	,-0.0196132999999988	,-3.0064962	,51.7097444	,0.003326998735055204	
206point,null	,0.0002711589913815261	,193.4	,-103.40067587844696	,-0.0008372828597202897	,0.0013450670521706343	,0.06832239560785237	,-0.00980665	,0.08998356759548187	,27.02	,12.241999626159668	,1579810303	,9.8262633	,1.2033701897924109e-15	,-3.006496	,51.7097442	,0.13137528693082334	
207point,null	,0.0004047396359965206	,193.41	,-103.4029298408731	,-0.0006520949536934495	,-0.0029333706479519606	,-0.052345249117867025	,-0.0196133	,0.08998356759548187	,25.523	,12.241999626159668	,1579810304	,9.7870367	,0.029419950000001197	,-3.006496	,51.7097441	,0.08645251243973458	
208point,null	,0.0002600300358608366	,193.4	,-103.4002387463401	,-0.0009351590415462852	,0.007366425823420286	,-0.010780203793637198	,-0.0588399	,0.08998356759548187	,24.025	,12.241999626159668	,1579810305	,9.8262633	,1.2033701897924109e-15	,-3.0064962	,51.7097441	,0.0032240612725715706	
209point,null	,0.0006454802351072435	,193.42	,-103.4111943697688	,-0.003723085392266512	,-0.0009866442997008562	,-0.004433822052163107	,0.0196133	,0.08998356759548187	,22.526	,12.241999626159668	,1579810306	,9.8458766	,1.2057721262989826e-15	,-3.0064964	,51.7097442	,-0.07047318482489096	
210point,null	,0.0003756619989871983	,193.4	,-103.39842191602087	,-0.0034071810077875853	,-0.0029329650569707155	,0.031960376117195356	,0.0196133	,0.08998356759548187	,21.028	,12.241999626159668	,1579810307	,9.83606995	,-0.0588398999999988	,-3.0064964	,51.7097442	,-0.07068884271184882	
211point,null	,0.0008566966280341142	,193.41	,-103.40010214255668	,0.004873020574450493	,0.0016881062183529139	,-0.0021385424844182804	,-0.00980665	,0.08998356759548187	,19.531	,12.241999626159668	,1579810308	,9.8262633	,1.2033701897924109e-15	,-3.0064962	,51.7097442	,-0.01155405372118355	
212point,null	,0.0002002608962357037	,193.41	,-103.40310742579148	,0.005890446715056896	,-0.000901114079169929	,0.013920277376611358	,-0.00980665	,0.08998356759548187	,18.029	,12.241999626159668	,1579810309	,9.81645665	,0.0294199500000012	,-3.0064962	,51.7097442	,0.09354049456016902	
213point,null	,0.0008005962590686981	,193.41	,-103.40917263377446	,-0.003183255437761545	,-0.0036690495908260345	,0.02204367015148413	,0.00980665	,0.08998356759548187	,16.905	,12.241999626159668	,1579810310	,9.79684335	,0.019613300000001197	,-3.006496	,51.7097442	,0.057685963460929225	
214point,null	,0.00024079135619103903	,193.4	,-103.39364078360184	,0.00047426728997379547	,-0.0019682080019265413	,0.059541527089246496	,0.0	,0.08998356759548187	,15.404	,12.241999626159668	,1579810311	,9.77723005	,-0.029419949999998803	,-3.006496	,51.7097441	,-0.020932527106579224	
215point,null	,0.0004961837548762554	,193.41	,-103.39835361412914	,0.004835298750549555	,0.005509020760655403	,-0.010730934217389212	,-0.0392266	,0.08998356759548187	,13.906	,12.241999626159668	,1579810313	,9.8654899	,0.00980665000000121	,-3.006496	,51.7097441	,0.041219174449768525	
216point,null	,0.0004901966312900178	,193.4	,-103.39992455763826	,0.006244647316634655	,-0.007469311356544495	,0.10516322870160454	,-0.02941995	,0.08998356759548187	,12.404	,12.241999626159668	,1579810313	,9.7478101	,1.1937624437661242e-15	,-3.006496	,51.7097441	,0.02644000745513631	
217point,null	,-6.152188871055833e-05	,193.4	,-103.40134523698562	,-0.0006965999491512775	,-0.0028897339943796396	,-0.005790020645150607	,0.00980665	,0.08998356759548187	,10.916	,12.241999626159668	,1579810314	,10.179302700000001	,1.246605046910701e-15	,-3.006496	,51.709744	,0.006093335405669489	
218point,null	,0.0005225767381489284	,193.41	,-103.40402267114027	,-0.006440711207687855	,-0.0019772422965615988	,0.08147057646119304	,0.0	,0.08998356759548187	,9.86	,12.192999839782715	,1579810315	,10.50292215	,-0.04903324999999871	,-3.006496	,51.709744	,-0.07114073576466051	
219point,null	,0.00016758404672145857	,193.4	,-103.39842191602088	,-0.0010954620083793998	,0.002692887093871832	,0.11258291522382093	,-0.00980665	,0.08998356759548187	,9.417	,12.241999626159668	,1579810316	,9.71839015	,-0.00980664999999881	,-3.0064962	,51.709744	,0.010146967217331103	
220point,null	,0.0003138491883873938	,193.4	,-103.39825799148079	,0.0011842446401715279	,0.0014194566756486893	,0.08628374540225624	,0.0196133	,0.08998356759548187	,8.945	,12.241999626159668	,1579810317	,9.7478101	,0.019613300000001194	,-3.006496	,51.709744	,0.010012030960583694	
221point,null	,0.00013369717635214378	,193.4	,-103.39600402905468	,-0.0038744057528674603	,0.005284131970256567	,0.03906465330808129	,0.0196133	,0.08998356759548187	,8.441	,12.241999626159668	,1579810319	,9.7870367	,0.019613300000001197	,-3.006496	,51.7097439	,0.16655940561455726	
222point,null	,-1.828814856708096e-05	,193.41	,-103.40002018028666	,0.00376252643764019	,-0.0024967663921415806	,0.0218534987418882	,0.0196133	,0.08998356759548187	,7.935	,12.241999626159668	,1579810320	,9.83606995	,1.2045711580456967e-15	,-3.006496	,51.7097439	,0.02337316080383468	
223point,null	,0.0005160382715985176	,193.4	,-103.39775255748219	,0.002339089522138238	,0.004408632405102253	,0.046154046156064076	,-0.02941995	,0.08998356759548187	,7.432	,12.241999626159668	,1579810321	,9.81645665	,0.009806650000001202	,-3.006496	,51.7097438	,0.0786913097889109	
224point,null	,4.8134475946426514e-05	,193.41	,-103.40033436898847	,-0.0010113177122548223	,0.0047792112454771996	,-0.059188818521742174	,0.0392266	,0.08998356759548187	,6.929	,12.241999626159668	,1579810322	,9.81645665	,1.202169221539125e-15	,-3.006496	,51.7097438	,0.06232311495862574	
225point,null	,0.00029672135133296213	,193.4	,-103.39478825538242	,0.0030695712193846703	,0.0037572633009403944	,-0.028835848051442237	,0.0196133	,0.08998356759548187	,6.427	,12.241999626159668	,1579810323	,9.85568325	,1.2069730945522684e-15	,-3.0064962	,51.7097438	,0.1537031886678082	
226point,null	,0.000602292711846531	,193.41	,-103.40221950119938	,-0.004193422384560108	,0.0013138236245140433	,-0.01209394465675354	,0.0	,0.08998356759548187	,5.924	,12.241999626159668	,1579810324	,9.7870367	,0.009806650000001197	,-3.006496	,51.7097438	,0.11465144868612803	
227point,null	,-0.00015632843133062124	,193.4	,-103.39728810461864	,-6.806361488997938e-05	,0.0020886538550257683	,-0.0819538657058211	,0.02941995	,0.08998356759548187	,5.423	,12.241999626159668	,1579810325	,9.7870367	,0.06864655000000121	,-3.006496	,51.7097438	,0.120666911013992	
228point,null	,0.00016564945690333827	,193.4	,-103.39764327445546	,0.0013840371975675225	,-0.0018458281410858035	,0.018860303407788992	,-0.0196133	,0.08998356759548187	,4.923	,12.241999626159668	,1579810326	,9.7478101	,1.1937624437661242e-15	,-3.006496	,51.7097438	,-0.015267432138795762	
229point,null	,0.00014566653408110134	,193.4	,-103.39145512306746	,0.0007105378899723291	,-0.0032470356673002243	,-0.01276045089107511	,-0.02941995	,0.08998356759548187	,4.421	,12.241999626159668	,1579810327	,9.77723005	,0.009806650000001197	,-3.0064962	,51.7097438	,-0.035090306969298955	
230point,null	,0.000423328834585846	,193.4	,-103.39958304817975	,-0.0043215760961174965	,0.00044953799806535244	,-0.0011334765420245184	,0.00980665	,0.08998356759548187	,3.921	,12.241999626159668	,1579810328	,9.7870367	,-0.029419949999998803	,-3.006496	,51.7097438	,0.011614898433691819	
231point,null	,-0.000562241300940514	,193.39	,-103.38216606579624	,0.0037092394195497036	,-0.0033894157968461514	,0.0010820221932033118	,-0.04903325	,0.08998356759548187	,3.42	,12.241999626159668	,1579810329	,9.77723005	,1.1973653485259817e-15	,-3.0064959	,51.7097437	,0.09497630837943283	
232point,null	,0.00035061151720583477	,193.4	,-103.39784818013058	,-0.003001455683261156	,0.001366478856652975	,-0.1015358112829427	,0.0	,0.08998356759548187	,2.92	,12.241999626159668	,1579810330	,9.79684335	,-0.0392265999999988	,-3.0064959	,51.7097437	,0.08041783353472337	
233point,null	,2.6668421924116552e-06	,193.41	,-103.40083980298704	,-0.0018987699877470732	,-0.005030888598412275	,0.007466697433614762	,0.0	,0.08998356759548187	,2.418	,12.241999626159668	,1579810331	,9.81645665	,0.0294199500000012	,-3.0064959	,51.7097437	,0.11187263558109732	
234point,null	,-0.00017171865329146374	,193.4	,-103.39025300977356	,-0.0009395580273121595	,0.0069272699765861034	,-0.03610551720586299	,0.0	,0.08998356759548187	,1.919	,12.241999626159668	,1579810332	,9.79684335	,1.1997672850325534e-15	,-3.006496	,51.7097437	,0.08550738501333408	
235point,null	,0.0005602611927315591	,193.4	,-103.39724712348364	,0.0018091591773554683	,0.005364838056266308	,-0.07341449506718536	,-0.02941995	,0.08998356759548187	,1.419	,12.241999626159668	,1579810333	,9.7870367	,1.1985663167792674e-15	,-3.006496	,51.7097435	,0.08856694290563615	
236point,null	,-0.00012590899132192105	,193.4	,-103.39390033079029	,-0.002406293759122491	,0.0022241068072617054	,-0.11056192628143441	,0.0588399	,0.08998356759548187	,0.921	,12.241999626159668	,1579810334	,9.85568325	,0.009806650000001206	,-3.0064959	,51.7097435	,0.07220018214827242	
237point,null	,0.00033744878601282846	,193.4	,-103.39670070835004	,-0.001000803429633379	,-0.0005423194961622357	,-0.05727098277810322	,-0.0196133	,0.08998356759548187	,0.421	,12.241999626159668	,1579810335	,9.8458766	,0.029419950000001208	,-3.0064959	,51.7097435	,0.06768374624002793	
238point,null	,-0.0004124044207856058	,193.4	,-103.39777987823888	,-0.0007492208387702703	,0.00027045130264014006	,-0.07344926633295028	,0.0196133	,0.08998356759548187	,0.07	,12.48900032043457	,1579810336	,13.91563635	,1.7041739514126058e-15	,-3.0064959	,51.7097435	,0.09537869590097514	
239point,null	,-0.0005698989843949676	,193.43	,-103.42149429503719	,-0.00040625664405524736	,0.0004239297704771161	,-0.07731922883831702	,0.0	,0.08998356759548187	,0.036	,12.538000106811523	,1579810337	,9.79684335	,1.1997672850325534e-15	,-3.0064959	,51.7097435	,0.09728015653288324	
240point,null	,-0.0005291880806908011	,193.45	,-103.4459463722658	,-0.0003497889265418053	,0.0004279061686247587	,-0.08067574654706261	,0.0	,0.08998356759548187	,0.028	,12.586999893188477	,1579810338	,9.81645665	,1.202169221539125e-15	,-3.0064959	,51.7097435	,0.0995551431350264	
241point,null	,-0.00045923632569611067	,193.49	,-103.48500139393994	,-0.00041516660712659364	,0.00042216212023049593	,-0.08608541645227137	,0.0	,0.08998356759548187	,0.014	,12.586999893188477	,1579810339	,9.81645665	,1.202169221539125e-15	,-3.0064959	,51.7097435	,0.10489986621216052	
